{
    "parameters": {
        "experimentName": "dist_obj32_que4",
        "randomSeed": 3,
        "numLocations": 10,
        "scaleFactor": 4,
        "edgeFactor": 1,
        "numClasses": 8,
        "numQueryTerms": 4,
        "queryRatio": 0.5,
        "numQueryDistortions": 4,
        "centerQueriesOnLocs": true
    },
    "queries": {
        "query": {
            "1": {
                "name": "query1",
                "num_query_terms": 4,
                "distortions": {
                    "distortion": {
                        "name": "distorted_query1",
                        "params": {
                            "rotation_degrees": 0,
                            "expansion": 0.5072429838290595,
                            "shift_vertical": -0.2282674823101949,
                            "shift_horizontal": -0.2981790224596399
                        }
                    }
                },
                "true_match": "location1"
            },
            "2": {
                "name": "query2",
                "num_query_terms": 4,
                "distortions": {
                    "distortion": {
                        "name": "distorted_query2",
                        "params": {
                            "rotation_degrees": 0,
                            "expansion": 0,
                            "shift_vertical": 0.857891202400034,
                            "shift_horizontal": 0.7128011327935113
                        }
                    }
                },
                "true_match": "location2"
            },
            "3": {
                "name": "query3",
                "num_query_terms": 4,
                "distortions": {
                    "distortion": {
                        "name": "distorted_query3",
                        "params": {
                            "rotation_degrees": 278,
                            "expansion": 0,
                            "shift_vertical": 0.8093919690244733,
                            "shift_horizontal": 0.13821500694864697
                        }
                    }
                },
                "true_match": "location3"
            },
            "4": {
                "name": "query4",
                "num_query_terms": 4,
                "distortions": {
                    "distortion": {
                        "name": "distorted_query4",
                        "params": {
                            "rotation_degrees": 146,
                            "expansion": 0,
                            "shift_vertical": -0.7511303266367231,
                            "shift_horizontal": -0.035997154504917805
                        }
                    }
                },
                "true_match": "location4"
            },
            "5": {
                "name": "query5",
                "num_query_terms": 4,
                "distortions": {
                    "distortion": {
                        "name": "distorted_query5",
                        "params": {
                            "rotation_degrees": 78,
                            "expansion": 0.02012535403587845,
                            "shift_vertical": -0.14571647690546685,
                            "shift_horizontal": 0
                        }
                    }
                },
                "true_match": "location5"
            }
        }
    },
    "locations": {
        "location": {
            "1": {
                "name": "location1",
                "density": 0.13333333333333333,
                "embedded_query": "distorted_query1",
                "num_objects": 35
            },
            "2": {
                "name": "location2",
                "density": 0.13333333333333333,
                "embedded_query": "distorted_query2",
                "num_objects": 35
            },
            "3": {
                "name": "location3",
                "density": 0.13333333333333333,
                "embedded_query": "distorted_query3",
                "num_objects": 33
            },
            "4": {
                "name": "location4",
                "density": 0.13333333333333333,
                "embedded_query": "distorted_query4",
                "num_objects": 34
            },
            "5": {
                "name": "location5",
                "density": 0.13333333333333333,
                "embedded_query": "distorted_query5",
                "num_objects": 32
            },
            "6": {
                "name": "location6",
                "density": 0.13333333333333333,
                "embedded_query": null,
                "num_objects": 30
            },
            "7": {
                "name": "location7",
                "density": 0.13333333333333333,
                "embedded_query": null,
                "num_objects": 31
            },
            "8": {
                "name": "location8",
                "density": 0.13333333333333333,
                "embedded_query": null,
                "num_objects": 30
            },
            "9": {
                "name": "location9",
                "density": 0.13333333333333333,
                "embedded_query": null,
                "num_objects": 31
            },
            "10": {
                "name": "location10",
                "density": 0.13333333333333333,
                "embedded_query": null,
                "num_objects": 31
            }
        },
        "num_locations": 10
    }
}