{
    "parameters": {
        "experimentName": "dist_obj512_que128",
        "randomSeed": 3,
        "numLocations": 10,
        "scaleFactor": 8,
        "edgeFactor": 1,
        "numClasses": 8,
        "numQueryTerms": 128,
        "queryRatio": 0.5,
        "numQueryDistortions": 4,
        "centerQueriesOnLocs": true
    },
    "queries": {
        "query": {
            "1": {
                "name": "query1",
                "num_query_terms": 128,
                "distortions": {
                    "distortion": {
                        "name": "distorted_query1",
                        "params": {
                            "rotation_degrees": 133,
                            "expansion": 0,
                            "shift_vertical": 0.5815956793373194,
                            "shift_horizontal": 0
                        }
                    }
                },
                "true_match": "location1"
            },
            "2": {
                "name": "query2",
                "num_query_terms": 128,
                "distortions": {
                    "distortion": {
                        "name": "distorted_query2",
                        "params": {
                            "rotation_degrees": 43,
                            "expansion": 0,
                            "shift_vertical": -0.5492609145589138,
                            "shift_horizontal": -0.08588657775553887
                        }
                    }
                },
                "true_match": "location2"
            },
            "3": {
                "name": "query3",
                "num_query_terms": 128,
                "distortions": {
                    "distortion": {
                        "name": "distorted_query3",
                        "params": {
                            "rotation_degrees": 342,
                            "expansion": 0.49088552794936724,
                            "shift_vertical": 0,
                            "shift_horizontal": 0.9904745445966603
                        }
                    }
                },
                "true_match": "location3"
            },
            "4": {
                "name": "query4",
                "num_query_terms": 128,
                "distortions": {
                    "distortion": {
                        "name": "distorted_query4",
                        "params": {
                            "rotation_degrees": 290,
                            "expansion": 0.6872381089195667,
                            "shift_vertical": 0,
                            "shift_horizontal": -0.14467409285897914
                        }
                    }
                },
                "true_match": "location4"
            },
            "5": {
                "name": "query5",
                "num_query_terms": 128,
                "distortions": {
                    "distortion": {
                        "name": "distorted_query5",
                        "params": {
                            "rotation_degrees": 0,
                            "expansion": 0.38807685787841606,
                            "shift_vertical": -0.9068177337724768,
                            "shift_horizontal": -0.6600843156666609
                        }
                    }
                },
                "true_match": "location5"
            }
        }
    },
    "locations": {
        "location": {
            "1": {
                "name": "location1",
                "density": 0.00784313725490196,
                "embedded_query": "distorted_query1",
                "num_objects": 608
            },
            "2": {
                "name": "location2",
                "density": 0.00784313725490196,
                "embedded_query": "distorted_query2",
                "num_objects": 596
            },
            "3": {
                "name": "location3",
                "density": 0.00784313725490196,
                "embedded_query": "distorted_query3",
                "num_objects": 595
            },
            "4": {
                "name": "location4",
                "density": 0.00784313725490196,
                "embedded_query": "distorted_query4",
                "num_objects": 600
            },
            "5": {
                "name": "location5",
                "density": 0.00784313725490196,
                "embedded_query": "distorted_query5",
                "num_objects": 637
            },
            "6": {
                "name": "location6",
                "density": 0.00784313725490196,
                "embedded_query": null,
                "num_objects": 508
            },
            "7": {
                "name": "location7",
                "density": 0.00784313725490196,
                "embedded_query": null,
                "num_objects": 510
            },
            "8": {
                "name": "location8",
                "density": 0.00784313725490196,
                "embedded_query": null,
                "num_objects": 509
            },
            "9": {
                "name": "location9",
                "density": 0.00784313725490196,
                "embedded_query": null,
                "num_objects": 506
            },
            "10": {
                "name": "location10",
                "density": 0.00784313725490196,
                "embedded_query": null,
                "num_objects": 509
            }
        },
        "num_locations": 10
    }
}