{
    "parameters": {
        "experimentName": "dist_obj512_que512",
        "randomSeed": 3,
        "numLocations": 10,
        "scaleFactor": 8,
        "edgeFactor": 1,
        "numClasses": 8,
        "numQueryTerms": 512,
        "queryRatio": 0.5,
        "numQueryDistortions": 4,
        "centerQueriesOnLocs": true
    },
    "queries": {
        "query": {
            "1": {
                "name": "query1",
                "num_query_terms": 512,
                "distortions": {
                    "distortion": {
                        "name": "distorted_query1",
                        "params": {
                            "rotation_degrees": 178,
                            "expansion": 0,
                            "shift_vertical": 0,
                            "shift_horizontal": -0.2079139593733066
                        }
                    }
                },
                "true_match": "location1"
            },
            "2": {
                "name": "query2",
                "num_query_terms": 512,
                "distortions": {
                    "distortion": {
                        "name": "distorted_query2",
                        "params": {
                            "rotation_degrees": 269,
                            "expansion": 0,
                            "shift_vertical": 0.17984335118951167,
                            "shift_horizontal": -0.015541400922113535
                        }
                    }
                },
                "true_match": "location2"
            },
            "3": {
                "name": "query3",
                "num_query_terms": 512,
                "distortions": {
                    "distortion": {
                        "name": "distorted_query3",
                        "params": {
                            "rotation_degrees": 63,
                            "expansion": 0.7379404511715141,
                            "shift_vertical": 0.15893831583369877,
                            "shift_horizontal": -0.0811433865945479
                        }
                    }
                },
                "true_match": "location3"
            },
            "4": {
                "name": "query4",
                "num_query_terms": 512,
                "distortions": {
                    "distortion": {
                        "name": "distorted_query4",
                        "params": {
                            "rotation_degrees": 232,
                            "expansion": 0.1575490793808214,
                            "shift_vertical": -0.3830442921728665,
                            "shift_horizontal": 0
                        }
                    }
                },
                "true_match": "location4"
            },
            "5": {
                "name": "query5",
                "num_query_terms": 512,
                "distortions": {
                    "distortion": {
                        "name": "distorted_query5",
                        "params": {
                            "rotation_degrees": 152,
                            "expansion": 0,
                            "shift_vertical": 0.23211445711666667,
                            "shift_horizontal": 0
                        }
                    }
                },
                "true_match": "location5"
            }
        }
    },
    "locations": {
        "location": {
            "1": {
                "name": "location1",
                "density": 0.00784313725490196,
                "embedded_query": "distorted_query1",
                "num_objects": 715
            },
            "2": {
                "name": "location2",
                "density": 0.00784313725490196,
                "embedded_query": "distorted_query2",
                "num_objects": 712
            },
            "3": {
                "name": "location3",
                "density": 0.00784313725490196,
                "embedded_query": "distorted_query3",
                "num_objects": 702
            },
            "4": {
                "name": "location4",
                "density": 0.00784313725490196,
                "embedded_query": "distorted_query4",
                "num_objects": 719
            },
            "5": {
                "name": "location5",
                "density": 0.00784313725490196,
                "embedded_query": "distorted_query5",
                "num_objects": 717
            },
            "6": {
                "name": "location6",
                "density": 0.00784313725490196,
                "embedded_query": null,
                "num_objects": 509
            },
            "7": {
                "name": "location7",
                "density": 0.00784313725490196,
                "embedded_query": null,
                "num_objects": 509
            },
            "8": {
                "name": "location8",
                "density": 0.00784313725490196,
                "embedded_query": null,
                "num_objects": 508
            },
            "9": {
                "name": "location9",
                "density": 0.00784313725490196,
                "embedded_query": null,
                "num_objects": 509
            },
            "10": {
                "name": "location10",
                "density": 0.00784313725490196,
                "embedded_query": null,
                "num_objects": 509
            }
        },
        "num_locations": 10
    }
}