{
    "parameters": {
        "experimentName": "dist_obj256_que256",
        "randomSeed": 3,
        "numLocations": 10,
        "scaleFactor": 7,
        "edgeFactor": 1,
        "numClasses": 8,
        "numQueryTerms": 256,
        "queryRatio": 0.5,
        "numQueryDistortions": 4,
        "centerQueriesOnLocs": true
    },
    "queries": {
        "query": {
            "1": {
                "name": "query1",
                "num_query_terms": 256,
                "distortions": {
                    "distortion": {
                        "name": "distorted_query1",
                        "params": {
                            "rotation_degrees": 0,
                            "expansion": 0,
                            "shift_vertical": 0.6452251747674147,
                            "shift_horizontal": 0.6686609776662213
                        }
                    }
                },
                "true_match": "location1"
            },
            "2": {
                "name": "query2",
                "num_query_terms": 256,
                "distortions": {
                    "distortion": {
                        "name": "distorted_query2",
                        "params": {
                            "rotation_degrees": 0,
                            "expansion": 0.009335777777800924,
                            "shift_vertical": -0.6231252664375142,
                            "shift_horizontal": 0.3020764133785261
                        }
                    }
                },
                "true_match": "location2"
            },
            "3": {
                "name": "query3",
                "num_query_terms": 256,
                "distortions": {
                    "distortion": {
                        "name": "distorted_query3",
                        "params": {
                            "rotation_degrees": 0,
                            "expansion": 0.15145894374574564,
                            "shift_vertical": 0.049576033474951764,
                            "shift_horizontal": 0.420779576499585
                        }
                    }
                },
                "true_match": "location3"
            },
            "4": {
                "name": "query4",
                "num_query_terms": 256,
                "distortions": {
                    "distortion": {
                        "name": "distorted_query4",
                        "params": {
                            "rotation_degrees": 0,
                            "expansion": 0.9788872883700321,
                            "shift_vertical": -0.8198440695579869,
                            "shift_horizontal": -0.858547261249176
                        }
                    }
                },
                "true_match": "location4"
            },
            "5": {
                "name": "query5",
                "num_query_terms": 256,
                "distortions": {
                    "distortion": {
                        "name": "distorted_query5",
                        "params": {
                            "rotation_degrees": 203,
                            "expansion": 0.8083731758440602,
                            "shift_vertical": -0.9202263316651185,
                            "shift_horizontal": 0
                        }
                    }
                },
                "true_match": "location5"
            }
        }
    },
    "locations": {
        "location": {
            "1": {
                "name": "location1",
                "density": 0.015748031496062992,
                "embedded_query": "distorted_query1",
                "num_objects": 509
            },
            "2": {
                "name": "location2",
                "density": 0.015748031496062992,
                "embedded_query": "distorted_query2",
                "num_objects": 509
            },
            "3": {
                "name": "location3",
                "density": 0.015748031496062992,
                "embedded_query": "distorted_query3",
                "num_objects": 510
            },
            "4": {
                "name": "location4",
                "density": 0.015748031496062992,
                "embedded_query": "distorted_query4",
                "num_objects": 510
            },
            "5": {
                "name": "location5",
                "density": 0.015748031496062992,
                "embedded_query": "distorted_query5",
                "num_objects": 389
            },
            "6": {
                "name": "location6",
                "density": 0.015748031496062992,
                "embedded_query": null,
                "num_objects": 251
            },
            "7": {
                "name": "location7",
                "density": 0.015748031496062992,
                "embedded_query": null,
                "num_objects": 253
            },
            "8": {
                "name": "location8",
                "density": 0.015748031496062992,
                "embedded_query": null,
                "num_objects": 255
            },
            "9": {
                "name": "location9",
                "density": 0.015748031496062992,
                "embedded_query": null,
                "num_objects": 254
            },
            "10": {
                "name": "location10",
                "density": 0.015748031496062992,
                "embedded_query": null,
                "num_objects": 255
            }
        },
        "num_locations": 10
    }
}