{
    "parameters": {
        "experimentName": "obj16_que16",
        "randomSeed": 3,
        "numLocations": 10,
        "scaleFactor": 3,
        "edgeFactor": 1,
        "numClasses": 8,
        "numQueryTerms": 16,
        "queryRatio": 0.5,
        "numQueryDistortions": 0,
        "centerQueriesOnLocs": true
    },
    "queries": {
        "query": {
            "1": {
                "name": "query1",
                "num_query_terms": 16,
                "distortions": {
                    "distortion": {
                        "name": "distorted_query1",
                        "params": {
                            "rotation_degrees": 0,
                            "expansion": 0,
                            "shift_vertical": 0,
                            "shift_horizontal": 0
                        }
                    }
                },
                "true_match": "location1"
            },
            "2": {
                "name": "query2",
                "num_query_terms": 16,
                "distortions": {
                    "distortion": {
                        "name": "distorted_query2",
                        "params": {
                            "rotation_degrees": 0,
                            "expansion": 0,
                            "shift_vertical": 0,
                            "shift_horizontal": 0
                        }
                    }
                },
                "true_match": "location2"
            },
            "3": {
                "name": "query3",
                "num_query_terms": 16,
                "distortions": {
                    "distortion": {
                        "name": "distorted_query3",
                        "params": {
                            "rotation_degrees": 0,
                            "expansion": 0,
                            "shift_vertical": 0,
                            "shift_horizontal": 0
                        }
                    }
                },
                "true_match": "location3"
            },
            "4": {
                "name": "query4",
                "num_query_terms": 16,
                "distortions": {
                    "distortion": {
                        "name": "distorted_query4",
                        "params": {
                            "rotation_degrees": 0,
                            "expansion": 0,
                            "shift_vertical": 0,
                            "shift_horizontal": 0
                        }
                    }
                },
                "true_match": "location4"
            },
            "5": {
                "name": "query5",
                "num_query_terms": 16,
                "distortions": {
                    "distortion": {
                        "name": "distorted_query5",
                        "params": {
                            "rotation_degrees": 0,
                            "expansion": 0,
                            "shift_vertical": 0,
                            "shift_horizontal": 0
                        }
                    }
                },
                "true_match": "location5"
            }
        }
    },
    "locations": {
        "location": {
            "1": {
                "name": "location1",
                "density": 0.2857142857142857,
                "embedded_query": "distorted_query1",
                "num_objects": 31
            },
            "2": {
                "name": "location2",
                "density": 0.2857142857142857,
                "embedded_query": "distorted_query2",
                "num_objects": 30
            },
            "3": {
                "name": "location3",
                "density": 0.2857142857142857,
                "embedded_query": "distorted_query3",
                "num_objects": 31
            },
            "4": {
                "name": "location4",
                "density": 0.2857142857142857,
                "embedded_query": "distorted_query4",
                "num_objects": 29
            },
            "5": {
                "name": "location5",
                "density": 0.2857142857142857,
                "embedded_query": "distorted_query5",
                "num_objects": 30
            },
            "6": {
                "name": "location6",
                "density": 0.2857142857142857,
                "embedded_query": null,
                "num_objects": 15
            },
            "7": {
                "name": "location7",
                "density": 0.2857142857142857,
                "embedded_query": null,
                "num_objects": 14
            },
            "8": {
                "name": "location8",
                "density": 0.2857142857142857,
                "embedded_query": null,
                "num_objects": 13
            },
            "9": {
                "name": "location9",
                "density": 0.2857142857142857,
                "embedded_query": null,
                "num_objects": 15
            },
            "10": {
                "name": "location10",
                "density": 0.2857142857142857,
                "embedded_query": null,
                "num_objects": 13
            }
        },
        "num_locations": 10
    }
}